date,poscount,negcount
2017-12-05,42.762746324679384,90.62402252111355
2017-05-14,43.789284645315774,89.02125112241843
2017-10-20,41.921697696124184,91.4574839121678
2017-12-22,44.4495099156599,88.69956690221107
2017-02-24,42.00378227265252,89.43019240256537
2017-05-11,43.480463743927515,92.8411766459035
2017-08-18,38.742540008362795,91.13543923670507
2017-09-12,41.73339037956115,88.7170710836746
2017-04-30,43.481363996827916,89.8731165741475
2017-09-26,40.237625461096336,90.00600497555116
2018-01-19,39.95897135321269,86.59242435343248
2018-02-27,41.335895025140005,90.41000694927033
2017-05-18,44.033777200389736,92.26372198765833
2017-03-08,39.9570410729254,89.01927912824812
2017-03-18,41.53772422292209,88.42941257017664
2017-10-01,43.16229021119409,90.28346583152654
2018-02-23,39.757686825493785,90.29389805199213
2017-10-12,41.180545933213246,91.88028266592767
2017-10-31,41.61408303524778,91.28250472247899
2017-12-03,42.45844703547507,90.64748201438849
2017-12-08,40.14817703255995,89.74458958861376
2017-09-15,41.065330199139574,90.94336275335965
2017-04-19,42.830685251973875,88.48328297104982
2017-05-16,44.072644469745356,93.12432312349004
2017-10-05,41.95626201236299,90.70178172562464
2017-05-04,39.412108803743784,87.77785902310617
2017-11-01,41.672163588390504,91.22279023746702
2017-09-28,42.48216674097191,89.75702184574232
2017-02-08,38.87658400203333,88.6242329617661
2017-01-15,41.93482688391039,88.9663951120163
2017-08-10,39.89491963132819,89.51867848078722
2017-03-16,39.43397091876519,90.46832714095684
2017-09-06,37.8428411360647,87.99142592682809
2017-09-27,42.07579672695952,89.41525504832998
2017-06-22,41.71641145427805,88.90474954580846
2017-12-01,41.29039132635393,91.24377314259836
2017-01-27,41.960983392559285,89.40097178910726
2017-05-24,42.564655172413794,91.69515457788347
2017-08-31,39.63086526043909,90.35729659922515
2017-12-27,43.11591707417866,90.06818651422275
2017-12-24,43.52409638554217,89.0298034242232
2017-03-09,40.32445571760727,89.26231240752483
2016-11-18,40.667969443950966,88.41357257061645
2017-09-13,41.09485910948591,88.07270380727039
2017-09-23,41.579761824665276,90.9439547870551
2017-05-05,41.619303503151805,87.57879508112019
2016-12-04,42.5200307320821,88.77181429041818
2018-02-02,40.84878140585302,89.84034377842602
2017-12-29,42.54150784934427,90.78105820789457
2016-12-22,41.08722534005517,87.37277656235138
2016-12-30,42.59741833828253,87.10381189018848
2017-08-02,39.74732750242954,91.16571798787542
2018-02-07,41.29381360038766,89.42012598933935
2018-01-10,42.451461727293015,91.59785762106672
2018-01-26,42.828579045587844,90.77579312183418
2016-12-14,42.03261802575107,87.68412017167381
2018-01-01,42.858560794044664,88.52605459057072
2017-10-16,43.31616659202866,90.85311240483655
2016-12-21,41.0441292356186,86.9818754925138
2017-03-23,39.00814791601379,88.96114070824193
2017-08-22,40.04076602199469,90.55745164960182
2017-04-16,42.42103549332465,89.04265711494627
2017-06-07,41.51422471002366,92.4836978475388
2016-12-01,41.463204210163056,87.78362522646881
2017-03-22,39.97752902500936,90.99496483708543
2017-10-30,43.75,92.8374743852459
2018-01-28,42.84248332478194,90.07549659165872
2017-08-07,39.75917563968971,89.05870093782563
2017-06-24,42.846385542168676,86.75535475234271
2017-12-02,42.97830855471606,88.57421398976358
2016-11-29,40.17929609680513,88.37526746845717
2017-06-29,43.20648620374003,90.22274530316899
2016-11-25,42.346509671993275,86.89842070834501
2017-10-06,42.721806217381435,91.06535057862492
2017-10-17,42.2077922077922,91.16781655844156
2017-08-13,35.64226658600524,89.58963500705788
2016-12-02,42.21029616378454,87.62075134168158
2017-12-18,41.563612516394976,89.87258759602773
2017-06-19,41.20869514540475,89.48073897080249
2017-09-24,40.672859653527496,90.23976901832789
2017-08-03,40.57781705021322,92.49298858965001
2018-02-26,40.88244740645576,88.93929661153042
2017-07-29,41.245546905924265,89.86013986013987
2017-05-17,44.99777307649482,93.01024384812382
2017-04-07,41.222786335083036,89.2780311505034
2017-05-23,43.1092620976571,90.26494416465951
2017-07-30,40.97127222982216,89.19910458898147
2018-02-17,41.14063980508054,88.04313495465415
2018-01-12,42.55593803786575,92.06110154905336
2016-11-21,40.994019664155154,87.7622732033652
2016-11-23,38.9950634696756,86.77715091678421
2018-02-06,43.18679393992469,90.83107102198092
2016-12-09,42.1726666914858,87.95651688321358
2017-07-06,43.64402317008952,89.45234333859926
2017-09-14,40.91887239078976,89.92539989957679
2017-01-17,41.72434249555072,89.64603519873442
2017-06-03,43.95772706386889,90.21289630877622
2017-03-26,39.4202164693968,89.35375656687133
2017-12-11,41.55214608433735,90.49792921686746
2017-01-06,41.12974795882144,87.71299254526092
2016-12-15,42.697571575616635,87.4766497655446
2017-01-09,41.09270560883464,89.87697374794149
2017-10-24,43.18570175033483,89.47028125432965
2018-02-15,40.096102509343304,89.06441380609905
2017-10-22,42.778669821685114,89.89267303304318
2016-11-19,41.156688139446764,88.75994694960212
2017-02-11,40.786354437698755,89.03729401561145
2017-06-23,41.80991405156906,90.28083150109934
2018-02-09,41.944282096240016,89.64056107539452
2016-12-31,42.38317410945716,87.5509146115678
2017-10-27,42.60034474267422,90.38167938931298
2017-03-07,40.07956448911223,90.53601340033501
2017-12-10,41.19521912350598,88.26233527428747
2018-01-16,42.576608667854046,91.61528976572133
2016-11-01,39.093813534708104,88.12497406746608
2017-12-09,40.91453674121406,89.07747603833866
2016-11-04,39.27903417786091,88.19248427138243
2017-02-04,40.86139964326933,88.72101563319693
2018-02-16,42.32147427693882,89.48361914512414
2017-08-27,38.78304534042239,89.86855708167184
2017-05-10,44.325428100594685,92.33717847675001
2017-01-12,41.42575095191087,90.12833168805528
2017-12-21,42.141826055575606,88.81721400216527
2017-05-31,44.57189676362147,91.21261777959853
2017-05-08,39.554170661553215,91.70182166826461
2017-04-09,43.73292349726776,90.40300546448088
2017-08-26,38.41527887919641,88.90430874966957
2016-11-10,40.25744624692912,84.87198749314763
2018-01-20,39.89702448661917,86.24199245644495
2017-01-02,42.25389636339417,86.57253230318369
2018-02-05,44.34774427247495,90.58192595380345
2018-01-25,41.88673484964128,91.03571973744467
2017-01-19,41.213001048471654,89.07573191386402
2017-09-10,36.663987856058576,86.68631127779265
2017-11-09,40.338541666666664,90.00868055555556
2017-07-02,44.10241820768137,89.82645803698436
2017-09-20,41.9909552788789,89.13516833230976
2017-10-18,42.55131202909846,92.60067550012991
2017-02-18,42.52563140785196,90.847711927982
2017-11-08,41.859397944199706,87.79827459618208
2017-02-17,41.61145617667357,90.14837819185645
2018-01-04,42.31583590648434,92.69519188354653
2018-02-18,42.65915980944131,89.4278427409653
2017-09-22,40.35355739851593,89.10410301178526
2016-11-26,41.43015856984143,86.53166346833653
2016-12-24,40.62273237020912,85.83019988125866
2017-06-28,43.99796776130433,90.59165858389913
2018-01-22,42.20987390468049,85.37721735413551
2016-12-29,42.55284196692586,86.71558427335451
2016-11-17,40.769648432197634,87.93267272974073
2017-03-05,42.81796147467789,91.42747799464217
2017-06-12,43.06980294861396,91.5215420583043
2016-11-12,40.19237068580448,86.81695006104643
2017-06-30,42.510342319407194,90.68509342183026
2017-04-10,44.86256339615553,90.18846659570472
2017-04-25,44.06008624366204,90.69800502298251
2017-03-04,42.401433691756274,91.67264038231781
2017-06-26,42.11446934873693,87.70288410690314
2017-09-01,38.52249656166088,91.8593228109241
2018-02-22,39.33335245690026,89.05653882562176
2018-01-17,41.90645751130786,92.2577230295448
2017-02-15,40.98079561042524,91.30315500685872
2017-06-04,42.0843277645187,90.88183097729637
2017-07-04,44.56976661701071,88.8983471660637
2017-08-14,36.771466097520936,90.94976194385158
2017-02-25,38.89056679754354,85.73442061814156
2018-01-09,41.6903103774396,91.21743616198091
2017-08-04,41.37329211129949,90.29121372294804
2017-01-16,42.410036028996835,89.60368103485698
2017-12-14,41.39088125498092,89.2538064678495
2017-12-17,41.43589743589743,89.42948717948718
2017-10-09,42.9931640625,90.045166015625
2016-11-02,39.790044023027434,89.34519594865006
2017-05-26,42.29756806663262,90.18976152123523
2017-11-10,38.5454727463837,90.24976225036289
2017-05-13,44.260642713150716,90.3711609154512
2017-01-01,39.97677119628339,86.98412698412699
2017-03-25,37.63040693063267,88.8231346470624
2017-08-08,41.15171321053674,90.71103188750249
2017-11-23,44.113332110764716,90.83073537502293
2017-02-13,40.771275571136876,90.44188465539162
2017-05-19,44.9180436878678,92.02048076603386
2017-04-04,40.66923469624542,88.88476354016801
2017-06-18,42.164495490634394,88.47606567486318
2017-01-22,41.79948798414402,90.48641506317615
2017-05-28,44.41055718475073,89.50146627565982
2017-02-12,40.93573599652627,88.56382978723404
2017-07-14,42.404423884723776,91.53506673047269
2017-10-04,42.62081881079956,90.82349269104718
2018-01-06,42.61499555737817,91.60002733921127
2016-11-03,39.50029953835853,87.88455439264193
2017-01-23,42.26904593877071,89.99227072621568
2018-01-02,42.598509052183175,90.5274368028698
2018-01-07,41.90515691967372,92.17475459698605
2017-06-06,44.23845874227554,92.67741023466213
2017-01-03,42.69258459323254,87.65021875173063
2017-03-10,42.021344991642025,90.13758518709014
2017-06-09,41.912276630308654,92.2913282277404
2017-11-25,41.932007445870475,91.01596943274224
2017-07-23,41.49042583595313,88.7467847956559
2017-08-23,40.44784857059226,91.14547760757146
2016-12-25,41.27239973452166,85.85379728832844
2017-07-03,44.74819269789199,89.14403742178483
2017-10-13,43.45537886933394,90.69096259408069
2017-08-16,37.63735436673992,90.0021073546678
2017-07-12,43.11532611613134,90.74438579225195
2017-05-22,44.49717022202873,91.61950370047889
2017-04-21,42.301952122261355,89.76777505820547
2017-04-24,44.412265758092,89.94321408290745
2016-12-26,39.50588599752168,87.52323420074349
2017-11-14,39.42464425745628,91.20666108639148
2017-11-16,37.92404900479115,91.81967265828483
2017-04-23,41.3806026083046,88.79478339079598
2017-06-21,41.17369684499314,85.74245541838135
2018-01-23,41.7896174863388,89.26229508196721
2017-10-15,43.58567386653785,89.48312745842247
2017-08-25,39.40477828220296,90.74150502132343
2016-12-20,40.563973746049754,87.014828620047
2017-09-16,41.96827206231595,90.11114277571957
2017-11-04,40.687256866674524,87.7755511022044
2017-08-15,36.6155242335725,90.3491109157426
2017-01-20,43.533197921337944,89.88894457780474
2017-08-06,40.22261370916079,89.50192184497118
2017-05-27,42.734657039711195,90.36552346570397
2018-02-03,40.87401973184922,90.07083227928156
2017-04-29,43.00025687130747,90.05908040071924
2017-02-07,39.30118394455675,88.86642923605095
2017-03-01,41.12823061630218,89.13187541418156
2017-01-26,42.79343011811024,90.83722933070865
2017-11-15,41.03035878564857,89.85412012090946
2017-02-01,41.043858450608006,87.43817461401831
2017-10-08,40.250685468076774,90.63846455150802
2018-02-10,43.65455957208179,90.38046760417565
2017-07-13,42.61641862698032,91.3250120019203
2017-10-25,42.754860123281176,88.81934566145092
2017-10-21,41.14591787047557,90.68333062814479
2017-08-20,37.80104712041884,88.44140153040676
2017-06-25,40.04153835135716,86.62178614910836
2017-04-06,39.75494537939179,88.23442574549749
2018-02-12,41.32967786154901,89.22451777146773
2016-12-07,40.56096258880539,87.7828425937333
2016-12-12,42.334818765570716,88.46977086915331
2017-01-14,42.857142857142854,89.38893476465731
2017-03-14,42.91678967567796,90.47277634853022
2017-05-25,42.32726765669665,90.45876037091264
2017-11-12,40.81461103469356,89.50022925263642
2017-06-14,40.741917266694905,89.52068332627418
2018-02-28,41.510580135668725,90.87273463602308
2016-11-08,43.100906450247415,88.09791414266739
2017-09-18,40.96200980392157,90.25735294117648
2016-11-20,40.26532367031077,87.88437128935838
2017-04-22,43.08916413747847,89.73012878352883
2017-09-19,42.68681318681319,90.56593406593406
2017-09-09,39.80626780626781,87.94301994301993
2017-03-11,41.68233466851958,88.03237145426306
2017-01-04,40.10055971919172,85.4520443980647
2017-03-02,37.4629544600743,91.35534499311267
2017-01-29,43.03762321255032,89.8514507843954
2017-05-09,42.613855511051774,91.90031152647975
2017-06-16,42.91851851851852,92.0493827160494
2018-02-01,41.717086958441904,90.32372035507662
2017-06-11,42.24580385629075,91.20543764738521
2017-07-08,44.11945812807882,88.9701354679803
2017-12-20,42.438343415542114,87.80440514968203
2017-11-17,40.41816941222341,91.44653474997563
2017-02-03,41.18274978650726,89.84486194136066
2018-01-27,41.51810042818217,90.6267029972752
2017-12-13,38.98159887605798,87.87993009628894
2017-09-29,43.14170981718271,90.19338476170347
2017-05-30,44.65965173666077,91.56346028494274
2017-01-08,41.02973874374653,86.19371873262924
2017-10-03,41.01621720953737,90.2467037258235
2017-04-08,42.549103330486766,89.85909479077712
2018-02-19,41.93081317993269,88.90193316114893
2017-02-16,42.1199261394927,90.93589037545759
2017-02-05,41.88635647516018,89.45488919231174
2017-11-18,42.261668911958154,90.56977573500278
2017-11-22,43.458411507192,90.19387116948093
2017-07-19,44.61398878258001,90.55179808644012
2017-03-15,40.98944591029024,90.13192612137203
2017-02-19,42.488076311605724,88.67746422893482
2017-07-09,44.85581395348837,89.21550387596899
2017-09-08,36.41112522942256,88.33827474234081
2017-01-30,43.47066862377891,90.7070911575644
2017-08-05,40.330330330330334,89.74474474474474
2016-12-06,41.8310072815534,87.58722694174757
2017-01-28,44.12712179407756,89.06888861355469
2017-04-20,42.277591439067244,90.1187243784273
2017-03-27,39.829396325459314,90.47042196648496
2017-11-24,43.34806530170469,91.01650581762425
2017-08-09,39.89597674774361,91.74442914690735
2016-11-16,39.507976740718654,87.02549575070822
2017-02-06,42.8239608801956,90.6438467807661
2017-01-13,41.816249409541804,90.45032278381358
2017-01-21,43.279718986873725,90.07210205213532
2017-02-22,39.55725498088147,89.09639766552627
2017-11-05,42.155248828669116,90.19247815626187
2017-01-05,41.169568686347205,87.33749472004504
2017-07-31,39.125134793004825,91.09662900276618
2017-10-19,41.95000703465741,91.0472260000938
2017-02-23,40.370804059328655,88.40359094457455
2017-05-29,43.757051523129,89.35690109063557
2017-01-11,42.05292041326359,91.76049261845259
2017-12-15,41.398099850968705,90.23379284649776
2017-05-01,42.40592098405087,89.78942979255707
2017-02-26,40.88443888193575,88.10417784134931
2017-04-13,44.64421224680404,90.8003035432841
2017-10-26,43.12493454812022,88.71085977589276
2017-04-12,44.04153354632588,90.12779552715655
2017-07-15,42.70293004345997,88.39198093368849
2017-07-22,42.66529589410782,90.3232024673906
2017-09-05,38.56683894398659,87.52153466499045
2018-01-13,41.39512135477166,91.52044996026166
2017-06-08,37.95074326644753,94.28445273021636
2016-12-23,41.73917468071032,87.97639037297105
2017-07-28,39.53215971337031,91.17373479863575
2017-02-09,41.054131054131055,89.99592999592998
2017-05-21,43.834607759841404,90.48428207306712
2017-04-26,44.592494938556435,89.87240453882009
2017-10-07,43.18510072215888,90.21664766248576
2017-12-31,42.790450928381965,88.15915119363396
2017-04-14,44.473402833466984,90.19647153167602
2016-12-28,41.28854625550661,86.64647577092511
2017-10-23,42.241180539543464,90.70786257781876
2017-08-29,39.29956446512738,90.66284827874232
2017-05-12,45.207549822501846,93.11799233770341
2017-07-17,43.04336926548007,89.98746553020808
2017-09-17,40.03579487977589,88.50673099369699
2016-11-27,39.863471171790586,87.98251645221491
2016-11-06,39.8880285018359,89.22092558257899
2017-12-16,42.78606965174129,90.55380989787902
2017-12-25,44.30240246859158,89.60767026669606
2017-09-25,41.497674864566854,90.38304808475958
2017-06-13,38.85524126455907,91.71048252911814
2016-12-03,42.86322965487857,88.75159778440562
2017-05-06,41.71093316419567,87.64766510742884
2017-03-13,40.25206568350591,90.17362200606631
2017-11-13,40.006566527127966,90.97923335795781
2017-06-01,45.78116079923882,91.28829686013322
2017-11-07,41.2080395664527,88.91227331719807
2018-02-25,39.613447218572055,87.60402978537013
2016-11-28,40.89257699611923,87.91181570473124
2016-11-22,41.32124829593604,88.90239858516635
2017-08-17,38.52284460505937,90.72341249354672
2016-12-11,42.84356504082603,87.98548408001037
2017-01-07,42.30769230769231,87.26273726273726
2017-12-23,43.91267123287671,89.2722602739726
2016-12-10,43.13984168865435,86.84036939313984
2017-03-19,40.88320974576271,89.07574152542372
2017-12-04,42.118674918092466,90.89107308983537
2017-09-30,42.42077128675067,91.95876288659794
2017-04-28,44.90561681002136,91.26594700686948
2017-10-02,40.219907407407405,89.0895061728395
2017-07-24,42.981159955670485,90.68618396749169
2018-02-11,41.956824512534816,88.0658077994429
2017-03-20,39.672389974343794,90.20327610025656
2017-09-02,40.23629799803085,91.25916201728475
2016-11-07,40.593259822953875,87.62851374437024
2017-12-19,43.50389766140316,88.17709374375374
2018-01-31,42.324713799787865,90.23444643575583
2017-12-30,42.34617087206728,90.18149623727312
2017-08-30,39.31748251748252,90.57902097902098
2017-02-02,40.57423591566682,88.7670962326569
2017-11-27,42.8498127148648,90.46641695315306
2018-01-18,42.72945280139525,89.3307172443863
2017-01-24,42.01898478524303,90.35949912481487
2017-08-19,39.06783130885765,88.63791456257677
2017-10-10,41.96007432464624,92.25784934965935
2017-12-26,43.62143136488072,89.4876808760266
2017-03-21,40.6268221574344,89.10106899902819
2017-04-18,41.82436640636229,87.7545154026733
2018-02-21,40.236802511938244,88.95793811735462
2017-12-28,42.26130948879346,89.32290134713806
2017-06-02,44.79631885234808,90.24676320656833
2017-06-27,43.06915341336995,88.65458733885615
2017-11-02,39.45793988322641,89.05427809413969
2018-01-29,43.26293011490049,90.01859132607967
2017-12-06,41.885817037536526,89.3234434704428
2018-02-14,40.07667617689016,90.52246790299571
2016-12-27,41.32910210938958,87.10721174786883
2017-07-27,39.83890177396101,91.63166802482291
2017-08-28,39.089789520824006,89.90707568293776
2018-01-03,43.417340155898806,93.76882980249628
2018-02-20,40.93742027189561,88.99661041659074
2017-07-05,41.29296391507189,89.66009711510998
2016-11-11,40.45129698253044,85.63172754543851
2017-05-03,40.92928083046365,90.88186854319508
2017-08-11,39.359434597262734,90.03814224814897
2017-12-07,40.60049594531198,88.58990684270492
2016-12-19,41.686314880616344,85.76362368412313
2017-11-03,39.67249310027599,88.8721251149954
2018-01-30,43.55220430403434,89.9251472287963
2017-11-19,40.48427900252982,90.27105168052042
2017-10-14,44.03434236147991,90.71517082669499
2017-07-07,45.82318134354333,89.47673744053834
2017-06-17,41.67974295748337,89.96488081894941
2016-12-17,42.6951980639409,87.56846261622722
2017-11-28,42.853319057815845,90.71199143468951
2017-12-12,39.68114486567914,88.72709013306553
2017-03-29,39.071341956346004,89.3088116410671
2017-11-26,42.347027214421914,89.92026347720575
2017-08-12,37.26231633535004,89.70397579948141
2018-02-24,39.41084938563073,88.49600257552181
2016-11-14,39.96261265031668,87.20459808599091
2016-11-15,39.596451058958216,86.58271322266742
2017-05-02,41.81735528841297,89.71613294272149
2017-07-18,43.08136556285222,90.78757393693819
2017-08-21,39.739186120975724,89.94585783314898
2018-01-15,41.63564159841152,90.084388185654
2017-03-24,37.01417388005655,88.77470083112046
2017-04-27,42.85400538077197,90.44089386701806
2018-01-24,40.76206140350877,90.625
2017-01-25,41.03018433895987,89.3313438403432
2017-11-11,40.92559629761481,91.34923460306159
2017-11-30,42.23902203635193,89.89464371883545
2017-01-31,41.17493169001803,89.42212662054531
2017-04-11,41.14215952251764,90.283052993308
2017-02-14,40.486656744314836,90.70644837492645
2017-07-16,42.890716803760284,90.21739130434783
2017-07-25,40.59995744982625,91.34813133820296
2017-06-15,42.608845293409054,91.20633281707107
2017-02-27,40.12753359143703,89.32817125939422
2017-03-28,39.65416178194607,89.90328253223916
2016-12-18,41.189537402121395,86.88287888043538
2017-02-21,40.788316030265705,88.77353510469823
2017-04-02,39.516243438785644,88.74308412540786
2017-04-17,42.84282054138354,88.5150941294419
2017-03-30,39.2713298599564,91.18722979714
2017-11-29,42.78472617017245,91.08394921356832
2017-07-11,43.21503841185669,91.37262900265144
2017-02-28,39.912970344096244,89.7575602442681
2016-12-13,42.68375169096648,88.66676687208778
2017-05-20,43.856155558158605,91.12685955253602
2017-07-01,43.31512873253423,90.03475423788922
2016-11-24,40.20623767881514,86.98882879239751
2018-01-21,40.42763157894737,87.73026315789474
2017-08-01,39.235344910294536,91.21174326009786
2017-06-20,40.618711281221636,86.67087558694708
2017-09-07,37.702965331327185,89.27966898627045
2017-03-06,42.13726470098284,89.89671830751291
2017-11-20,42.25038013177901,91.0998479472884
2017-04-05,40.56842867487328,90.4869659666908
2017-01-18,40.47094100008819,89.2450833406826
2017-04-15,43.64113129799588,90.1105075856902
2017-04-01,39.93052989431675,89.43167541201686
2017-11-21,43.124752866745744,89.32878608145512
2016-11-09,40.71556849145405,84.69469903393609
2018-02-13,42.25094843332865,89.79907264296754
2016-11-05,40.13013153583298,88.96690539718205
2018-01-14,40.82803853248617,91.38484662157545
2017-11-06,41.00083325617999,90.77400240718451
2016-11-30,40.05600092056308,86.93183997545165
2017-03-03,39.699834428243335,90.52502269935374
2017-06-05,44.59880023454061,91.25434125659645
2018-01-05,43.18127990147316,91.47363933494387
2017-09-03,40.31375703942076,89.04263877715205
2016-12-16,42.04595055751756,87.35367644141105
2018-02-04,40.670722874112705,88.84542952339562
2017-07-21,44.12561631057611,93.05290276729
2017-07-26,41.93667157584684,90.78189851385727
2016-12-05,42.6164136866478,88.1442414887231
2017-09-04,40.10451166556267,87.26724074482962
2017-07-10,44.091110782428636,91.0959917172016
2018-01-08,43.145552323018606,91.84959887155074
2017-03-12,41.00198807157058,88.2544731610338
2017-07-20,44.24410540915395,91.80825242718447
2017-03-31,39.88411160344744,90.52441934070214
2017-09-21,40.735176282051285,89.60336538461539
2017-02-10,41.89383696078859,89.67592794521742
2017-10-11,43.285613911821535,92.2799929738275
2017-05-07,40.54351506942093,87.69048425330172
2017-09-11,40.16902629297891,89.40335163247616
2017-04-03,40.526187576126674,87.55663824604142
2017-05-15,43.693117178612056,91.92263936291239
2017-10-29,42.54204576785222,90.17094017094017
2018-01-11,43.441272274382065,91.30867982372102
2016-12-08,42.12916466529846,88.55945155233395
2018-02-08,41.49961881698731,89.98609803130185
2016-10-31,41.544885177453025,90.56367432150313
2017-06-10,42.98909042232783,90.4424068000803
2017-10-28,43.48996217631655,90.59499563572884
2017-08-24,39.602903501280956,90.38215200683177
2017-02-20,40.45106959636047,90.17036104926919
2016-11-13,40.516968423476584,86.21225641173254
2017-03-17,41.74369952320716,90.6246959229347
2017-01-10,43.5869021234003,90.89511689425895
