date,poscount,negcount
%2017%6%1,41.12974795882144,87.71299254526092
%2017%60%3,41.12823061630218,89.13187541418156
%2017%202%7,44.12561631057611,93.05290276729
%2016%309%11,39.27903417786091,88.19248427138243
%2017%47%2,42.1199261394927,90.93589037545759
%2017%54%2,40.370804059328655,88.40359094457455
%2017%35%2,40.86139964326933,88.72101563319693
%2017%186%7,41.29296391507189,89.66009711510998
%2017%272%9,43.14170981718271,90.19338476170347
%2018%19%1,39.95897135321269,86.59242435343248
%2017%38%2,39.30118394455675,88.86642923605095
%2016%358%12,41.73917468071032,87.97639037297105
%2017%175%6,42.846385542168676,86.75535475234271
%2017%152%6,45.78116079923882,91.28829686013322
%2017%176%6,40.04153835135716,86.62178614910836
%2016%322%11,40.769648432197634,87.93267272974073
%2018%2%1,42.598509052183175,90.5274368028698
%2017%295%10,42.778669821685114,89.89267303304318
%2017%359%12,44.30240246859158,89.60767026669606
%2017%306%11,39.45793988322641,89.05427809413969
%2018%18%1,42.72945280139525,89.3307172443863
%2017%139%5,44.9180436878678,92.02048076603386
%2017%224%8,37.26231633535004,89.70397579948141
%2017%125%5,41.619303503151805,87.57879508112019
%2017%77%3,41.53772422292209,88.42941257017664
%2018%33%2,40.84878140585302,89.84034377842602
%2017%309%11,42.155248828669116,90.19247815626187
%2016%363%12,41.28854625550661,86.64647577092511
%2017%220%8,41.15171321053674,90.71103188750249
%2017%351%12,41.43589743589743,89.42948717948718
%2017%361%12,43.11591707417866,90.06818651422275
%2016%306%11,39.093813534708104,88.12497406746608
%2017%40%2,41.054131054131055,89.99592999592998
%2017%254%9,40.16902629297891,89.40335163247616
%2017%234%8,40.04076602199469,90.55745164960182
%2017%71%3,41.00198807157058,88.2544731610338
%2017%8%1,41.02973874374653,86.19371873262924
%2017%238%8,38.41527887919641,88.90430874966957
%2017%313%11,40.338541666666664,90.00868055555556
%2017%341%12,40.60049594531198,88.58990684270492
%2017%278%10,41.95626201236299,90.70178172562464
%2017%271%9,42.48216674097191,89.75702184574232
%2018%54%2,39.757686825493785,90.29389805199213
%2017%270%9,42.07579672695952,89.41525504832998
%2017%124%5,39.412108803743784,87.77785902310617
%2017%121%5,42.40592098405087,89.78942979255707
%2017%33%2,40.57423591566682,88.7670962326569
%2017%5%1,41.169568686347205,87.33749472004504
%2017%76%3,41.74369952320716,90.6246959229347
%2018%41%2,43.65455957208179,90.38046760417565
%2017%69%3,42.021344991642025,90.13758518709014
%2017%207%7,41.93667157584684,90.78189851385727
%2018%53%2,39.33335245690026,89.05653882562176
%2017%136%5,44.072644469745356,93.12432312349004
%2017%103%4,44.64421224680404,90.8003035432841
%2017%107%4,42.84282054138354,88.5150941294419
%2018%365%12,42.790450928381965,88.15915119363396
%2018%59%2,41.510580135668725,90.87273463602308
%2017%225%8,35.64226658600524,89.58963500705788
%2017%36%2,41.88635647516018,89.45488919231174
%2017%161%6,42.98909042232783,90.4424068000803
%2018%43%2,41.32967786154901,89.22451777146773
%2017%55%2,42.00378227265252,89.43019240256537
%2017%114%4,44.412265758092,89.94321408290745
%2017%163%6,43.06980294861396,91.5215420583043
%2017%17%1,41.72434249555072,89.64603519873442
%2017%109%4,42.830685251973875,88.48328297104982
%2017%319%11,41.03035878564857,89.85412012090946
%2018%1%1,42.858560794044664,88.52605459057072
%2017%25%1,41.03018433895987,89.3313438403432
%2016%360%12,41.27239973452166,85.85379728832844
%2018%31%1,42.324713799787865,90.23444643575583
%2017%189%7,44.11945812807882,88.9701354679803
%2017%7%1,42.30769230769231,87.26273726273726
%2016%352%12,42.6951980639409,87.56846261622722
%2017%193%7,43.11532611613134,90.74438579225195
%2017%9%1,41.09270560883464,89.87697374794149
%2017%330%11,42.347027214421914,89.92026347720575
%2017%263%9,41.9909552788789,89.13516833230976
%2018%49%2,42.65915980944131,89.4278427409653
%2018%34%2,40.87401973184922,90.07083227928156
%2018%57%2,40.88244740645576,88.93929661153042
%2017%340%12,41.885817037536526,89.3234434704428
%2017%260%9,40.03579487977589,88.50673099369699
%2017%198%7,43.04336926548007,89.98746553020808
%2017%363%12,42.54150784934427,90.78105820789457
%2016%341%12,41.8310072815534,87.58722694174757
%2017%284%10,43.285613911821535,92.2799929738275
%2017%190%7,44.85581395348837,89.21550387596899
%2017%134%5,43.789284645315774,89.02125112241843
%2017%243%8,39.63086526043909,90.35729659922515
%2016%317%11,40.19237068580448,86.81695006104643
%2017%42%2,40.786354437698755,89.03729401561145
%2017%344%12,41.19521912350598,88.26233527428747
%2017%184%7,44.74819269789199,89.14403742178483
%2018%32%2,41.717086958441904,90.32372035507662
%2018%40%2,41.944282096240016,89.64056107539452
%2017%1%1,39.97677119628339,86.98412698412699
%2017%172%6,41.17369684499314,85.74245541838135
%2016%350%12,42.697571575616635,87.4766497655446
%2017%37%2,42.8239608801956,90.6438467807661
%2017%349%12,41.398099850968705,90.23379284649776
%2016%343%12,42.12916466529846,88.55945155233395
%2017%237%8,39.40477828220296,90.74150502132343
%2017%214%8,39.74732750242954,91.16571798787542
%2017%247%9,40.10451166556267,87.26724074482962
%2018%52%2,40.236802511938244,88.95793811735462
%2017%267%9,40.672859653527496,90.23976901832789
%2017%360%12,43.62143136488072,89.4876808760266
%2017%347%12,38.98159887605798,87.87993009628894
%2017%332%11,42.853319057815845,90.71199143468951
%2017%95%4,40.56842867487328,90.4869659666908
%2017%132%5,45.207549822501846,93.11799233770341
%2017%219%8,39.75917563968971,89.05870093782563
%2017%209%7,39.53215971337031,91.17373479863575
%2017%48%2,41.61145617667357,90.14837819185645
%2017%39%2,38.87658400203333,88.6242329617661
%2017%258%9,41.065330199139574,90.94336275335965
%2017%3%1,42.69258459323254,87.65021875173063
%2017%85%3,39.4202164693968,89.35375656687133
%2018%44%2,42.25094843332865,89.79907264296754
%2017%356%12,44.4495099156599,88.69956690221107
%2016%355%12,40.563973746049754,87.014828620047
%2017%111%4,42.301952122261355,89.76777505820547
%2017%126%5,41.71093316419567,87.64766510742884
%2018%5%1,43.18127990147316,91.47363933494387
%2017%285%10,41.180545933213246,91.88028266592767
%2017%164%6,38.85524126455907,91.71048252911814
%2017%110%4,42.277591439067244,90.1187243784273
%2017%327%11,44.113332110764716,90.83073537502293
%2016%312%11,40.593259822953875,87.62851374437024
%2017%52%2,40.788316030265705,88.77353510469823
%2017%149%5,43.757051523129,89.35690109063557
%2017%242%8,39.31748251748252,90.57902097902098
%2018%26%1,42.828579045587844,90.77579312183418
%2017%227%8,36.6155242335725,90.3491109157426
%2017%135%5,43.693117178612056,91.92263936291239
%2017%27%1,41.960983392559285,89.40097178910726
%2017%73%3,42.91678967567796,90.47277634853022
%2017%177%6,42.11446934873693,87.70288410690314
%2017%43%2,40.93573599652627,88.56382978723404
%2017%273%9,42.42077128675067,91.95876288659794
%2017%208%7,39.83890177396101,91.63166802482291
%2017%325%11,43.124752866745744,89.32878608145512
%2017%364%12,42.34617087206728,90.18149623727312
%2017%146%5,42.29756806663262,90.18976152123523
%2017%331%11,42.8498127148648,90.46641695315306
%2017%97%4,41.222786335083036,89.2780311505034
%2017%235%8,40.44784857059226,91.14547760757146
%2016%349%12,42.03261802575107,87.68412017167381
%2018%56%2,39.613447218572055,87.60402978537013
%2016%327%11,41.32124829593604,88.90239858516635
%2017%44%2,40.771275571136876,90.44188465539162
%2017%250%9,37.702965331327185,89.27966898627045
%2017%338%12,42.118674918092466,90.89107308983537
%2017%116%4,44.592494938556435,89.87240453882009
%2017%252%9,39.80626780626781,87.94301994301993
%2017%302%10,42.54204576785222,90.17094017094017
%2017%221%8,39.89597674774361,91.74442914690735
%2017%88%3,39.071341956346004,89.3088116410671
%2017%84%3,37.63040693063267,88.8231346470624
%2018%27%1,41.51810042818217,90.6267029972752
%2016%332%11,39.863471171790586,87.98251645221491
%2017%290%10,42.2077922077922,91.16781655844156
%2017%81%3,39.97752902500936,90.99496483708543
%2017%23%1,42.26904593877071,89.99227072621568
%2017%231%8,39.06783130885765,88.63791456257677
%2018%7%1,41.90515691967372,92.17475459698605
%2017%120%4,43.481363996827916,89.8731165741475
%2017%240%8,39.089789520824006,89.90707568293776
%2017%339%12,42.762746324679384,90.62402252111355
%2016%354%12,41.686314880616344,85.76362368412313
%2017%223%8,39.359434597262734,90.03814224814897
%2017%283%10,41.96007432464624,92.25784934965935
%2018%50%2,41.93081317993269,88.90193316114893
%2018%12%1,42.55593803786575,92.06110154905336
%2016%357%12,41.08722534005517,87.37277656235138
%2016%344%12,42.1726666914858,87.95651688321358
%2017%26%1,42.79343011811024,90.83722933070865
%2017%144%5,42.564655172413794,91.69515457788347
%2017%140%5,43.856155558158605,91.12685955253602
%2018%23%1,41.7896174863388,89.26229508196721
%2017%296%10,42.241180539543464,90.70786257781876
%2016%345%12,43.13984168865435,86.84036939313984
%2017%105%4,43.64113129799588,90.1105075856902
%2017%154%6,43.95772706386889,90.21289630877622
%2017%143%5,43.1092620976571,90.26494416465951
%2018%38%2,41.29381360038766,89.42012598933935
%2017%192%7,43.21503841185669,91.37262900265144
%2017%303%10,43.75,92.8374743852459
%2017%269%9,40.237625461096336,90.00600497555116
%2018%4%1,42.31583590648434,92.69519188354653
%2017%159%6,37.95074326644753,94.28445273021636
%2016%311%11,39.8880285018359,89.22092558257899
%2017%173%6,41.71641145427805,88.90474954580846
%2017%337%12,42.45844703547507,90.64748201438849
%2017%59%2,39.912970344096244,89.7575602442681
%2017%310%11,41.00083325617999,90.77400240718451
%2018%47%2,42.32147427693882,89.48361914512414
%2016%323%11,40.667969443950966,88.41357257061645
%2017%53%2,39.55725498088147,89.09639766552627
%2016%318%11,40.516968423476584,86.21225641173254
%2017%289%10,43.31616659202866,90.85311240483655
%2018%22%1,42.20987390468049,85.37721735413551
%2017%300%10,42.60034474267422,90.38167938931298
%2017%333%11,42.78472617017245,91.08394921356832
%2017%20%1,43.533197921337944,89.88894457780474
%2018%15%1,41.63564159841152,90.084388185654
%2017%64%3,42.81796147467789,91.42747799464217
%2017%101%4,41.14215952251764,90.283052993308
%2017%281%10,40.250685468076774,90.63846455150802
%2017%196%7,42.70293004345997,88.39198093368849
%2017%230%8,38.742540008362795,91.13543923670507
%2017%181%6,42.510342319407194,90.68509342183026
%2017%133%5,44.260642713150716,90.3711609154512
%2017%246%9,40.31375703942076,89.04263877715205
%2017%352%12,41.563612516394976,89.87258759602773
%2018%51%2,40.93742027189561,88.99661041659074
%2017%128%5,39.554170661553215,91.70182166826461
%2017%162%6,42.24580385629075,91.20543764738521
%2017%92%4,39.516243438785644,88.74308412540786
%2017%324%11,42.25038013177901,91.0998479472884
%2016%361%12,39.50588599752168,87.52323420074349
%2017%256%9,41.09485910948591,88.07270380727039
%2017%78%3,40.88320974576271,89.07574152542372
%2017%195%7,42.404423884723776,91.53506673047269
%2018%14%1,40.82803853248617,91.38484662157545
%2017%87%3,39.65416178194607,89.90328253223916
%2017%98%4,42.549103330486766,89.85909479077712
%2017%28%1,44.12712179407756,89.06888861355469
%2017%348%12,41.39088125498092,89.2538064678495
%2017%169%6,42.164495490634394,88.47606567486318
%2017%222%8,39.89491963132819,89.51867848078722
%2017%99%4,43.73292349726776,90.40300546448088
%2017%342%12,40.14817703255995,89.74458958861376
%2017%34%2,41.18274978650726,89.84486194136066
%2017%205%7,42.981159955670485,90.68618396749169
%2017%65%3,42.13726470098284,89.89671830751291
%2017%261%9,40.96200980392157,90.25735294117648
%2018%42%2,41.956824512534816,88.0658077994429
%2017%137%5,44.99777307649482,93.01024384812382
%2017%210%7,41.245546905924265,89.86013986013987
%2017%294%10,41.14591787047557,90.68333062814479
%2017%187%7,43.64402317008952,89.45234333859926
%2016%366%12,42.38317410945716,87.5509146115678
%2017%346%12,39.68114486567914,88.72709013306553
%2017%2%1,42.25389636339417,86.57253230318369
%2017%123%5,40.92928083046365,90.88186854319508
%2017%79%3,39.672389974343794,90.20327610025656
%2017%147%5,42.734657039711195,90.36552346570397
%2017%24%1,42.01898478524303,90.35949912481487
%2017%218%8,40.22261370916079,89.50192184497118
%2017%264%9,40.735176282051285,89.60336538461539
%2017%45%2,40.486656744314836,90.70644837492645
%2017%244%9,38.52249656166088,91.8593228109241
%2016%307%11,39.790044023027434,89.34519594865006
%2017%131%5,43.480463743927515,92.8411766459035
%2018%55%2,39.41084938563073,88.49600257552181
%2016%338%12,42.86322965487857,88.75159778440562
%2017%41%2,41.89383696078859,89.67592794521742
%2017%160%6,41.912276630308654,92.2913282277404
%2017%304%10,41.61408303524778,91.28250472247899
%2017%323%11,40.48427900252982,90.27105168052042
%2017%118%4,44.90561681002136,91.26594700686948
%2017%203%7,42.66529589410782,90.3232024673906
%2017%320%11,37.92404900479115,91.81967265828483
%2017%158%6,41.51422471002366,92.4836978475388
%2017%127%5,40.54351506942093,87.69048425330172
%2017%357%12,43.91267123287671,89.2722602739726
%2016%329%11,40.20623767881514,86.98882879239751
%2017%274%10,43.16229021119409,90.28346583152654
%2017%200%7,44.61398878258001,90.55179808644012
%2017%148%5,44.41055718475073,89.50146627565982
%2017%279%10,42.721806217381435,91.06535057862492
%2017%94%4,40.66923469624542,88.88476354016801
%2017%185%7,44.56976661701071,88.8983471660637
%2017%119%4,43.00025687130747,90.05908040071924
%2017%228%8,37.63735436673992,90.0021073546678
%2017%275%10,40.219907407407405,89.0895061728395
%2017%19%1,41.213001048471654,89.07573191386402
%2016%362%12,41.32910210938958,87.10721174786883
%2017%287%10,44.03434236147991,90.71517082669499
%2017%168%6,41.67974295748337,89.96488081894941
%2017%141%5,43.834607759841404,90.48428207306712
%2017%171%6,40.618711281221636,86.67087558694708
%2017%354%12,42.438343415542114,87.80440514968203
%2016%339%12,42.5200307320821,88.77181429041818
%2017%67%3,39.9570410729254,89.01927912824812
%2017%178%6,43.06915341336995,88.65458733885615
%2016%336%12,41.463204210163056,87.78362522646881
%2017%268%9,41.497674864566854,90.38304808475958
%2017%180%6,43.20648620374003,90.22274530316899
%2016%340%12,42.6164136866478,88.1442414887231
%2017%298%10,42.754860123281176,88.81934566145092
%2016%313%11,43.100906450247415,88.09791414266739
%2017%74%3,40.98944591029024,90.13192612137203
%2017%343%12,40.91453674121406,89.07747603833866
%2016%316%11,40.45129698253044,85.63172754543851
%2017%63%3,42.401433691756274,91.67264038231781
%2017%293%10,41.921697696124184,91.4574839121678
%2016%335%11,40.05600092056308,86.93183997545165
%2017%66%3,40.07956448911223,90.53601340033501
%2016%347%12,42.334818765570716,88.46977086915331
%2017%329%11,41.932007445870475,91.01596943274224
%2017%93%4,40.526187576126674,87.55663824604142
%2017%305%11,41.672163588390504,91.22279023746702
%2018%48%2,41.14063980508054,88.04313495465415
%2017%32%2,41.043858450608006,87.43817461401831
%2017%112%4,43.08916413747847,89.73012878352883
%2017%170%6,41.20869514540475,89.48073897080249
%2016%333%11,40.89257699611923,87.91181570473124
%2017%316%11,40.81461103469356,89.50022925263642
%2018%9%1,41.6903103774396,91.21743616198091
%2017%108%4,41.82436640636229,87.7545154026733
%2017%11%1,42.05292041326359,91.76049261845259
%2016%320%11,39.596451058958216,86.58271322266742
%2018%39%2,41.49961881698731,89.98609803130185
%2018%29%1,43.26293011490049,90.01859132607967
%2018%58%2,41.335895025140005,90.41000694927033
%2017%90%3,39.88411160344744,90.52441934070214
%2016%325%11,40.26532367031077,87.88437128935838
%2016%328%11,38.9950634696756,86.77715091678421
%2017%182%7,43.31512873253423,90.03475423788922
%2017%282%10,42.9931640625,90.045166015625
%2018%25%1,41.88673484964128,91.03571973744467
%2017%350%12,42.78606965174129,90.55380989787902
%2018%45%2,40.07667617689016,90.52246790299571
%2017%314%11,38.5454727463837,90.24976225036289
%2017%145%5,42.32726765669665,90.45876037091264
%2018%13%1,41.39512135477166,91.52044996026166
%2018%28%1,42.84248332478194,90.07549659165872
%2016%330%11,42.346509671993275,86.89842070834501
%2017%13%1,41.816249409541804,90.45032278381358
%2017%138%5,44.033777200389736,92.26372198765833
%2017%241%8,39.29956446512738,90.66284827874232
%2017%165%6,40.741917266694905,89.52068332627418
%2017%308%11,40.687256866674524,87.7755511022044
%2017%106%4,42.42103549332465,89.04265711494627
%2017%91%4,39.93052989431675,89.43167541201686
%2017%61%3,37.4629544600743,91.35534499311267
%2017%46%2,40.98079561042524,91.30315500685872
%2017%265%9,40.35355739851593,89.10410301178526
%2017%14%1,42.857142857142854,89.38893476465731
%2017%322%11,42.261668911958154,90.56977573500278
%2016%353%12,41.189537402121395,86.88287888043538
%2017%248%9,38.56683894398659,87.52153466499045
%2017%30%1,43.47066862377891,90.7070911575644
%2017%204%7,41.49042583595313,88.7467847956559
%2017%291%10,42.55131202909846,92.60067550012991
%2017%29%1,43.03762321255032,89.8514507843954
%2018%6%1,42.61499555737817,91.60002733921127
%2016%348%12,42.68375169096648,88.66676687208778
%2017%104%4,44.473402833466984,90.19647153167602
%2016%321%11,39.507976740718654,87.02549575070822
%2017%217%8,40.330330330330334,89.74474474474474
%2017%102%4,44.04153354632588,90.12779552715655
%2017%166%6,42.608845293409054,91.20633281707107
%2018%46%2,40.096102509343304,89.06441380609905
%2017%315%11,40.92559629761481,91.34923460306159
%2017%353%12,43.50389766140316,88.17709374375374
%2017%276%10,41.01621720953737,90.2467037258235
%2017%211%7,40.97127222982216,89.19910458898147
%2017%358%12,43.52409638554217,89.0298034242232
%2017%286%10,43.45537886933394,90.69096259408069
%2017%113%4,41.3806026083046,88.79478339079598
%2016%305%10,41.544885177453025,90.56367432150313
%2017%51%2,40.45106959636047,90.17036104926919
%2017%266%9,41.579761824665276,90.9439547870551
%2017%317%11,40.006566527127966,90.97923335795781
%2018%20%1,39.89702448661917,86.24199245644495
%2018%35%2,40.670722874112705,88.84542952339562
%2017%167%6,42.91851851851852,92.0493827160494
%2017%239%8,38.78304534042239,89.86855708167184
%2017%115%4,44.06008624366204,90.69800502298251
%2017%255%9,41.73339037956115,88.7170710836746
%2018%3%1,43.417340155898806,93.76882980249628
%2017%215%8,40.57781705021322,92.49298858965001
%2017%326%11,43.458411507192,90.19387116948093
%2016%351%12,42.04595055751756,87.35367644141105
%2016%342%12,40.56096258880539,87.7828425937333
%2016%308%11,39.50029953835853,87.88455439264193
%2017%129%5,42.613855511051774,91.90031152647975
%2018%36%2,44.34774427247495,90.58192595380345
%2016%324%11,41.156688139446764,88.75994694960212
%2016%364%12,42.55284196692586,86.71558427335451
%2016%356%12,41.0441292356186,86.9818754925138
%2017%56%2,38.89056679754354,85.73442061814156
%2017%68%3,40.32445571760727,89.26231240752483
%2017%194%7,42.61641862698032,91.3250120019203
%2017%18%1,40.47094100008819,89.2450833406826
%2016%346%12,42.84356504082603,87.98548408001037
%2017%50%2,42.488076311605724,88.67746422893482
%2017%62%3,39.699834428243335,90.52502269935374
%2017%16%1,42.410036028996835,89.60368103485698
%2017%174%6,41.80991405156906,90.28083150109934
%2017%216%8,41.37329211129949,90.29121372294804
%2016%334%11,40.17929609680513,88.37526746845717
%2017%253%9,36.663987856058576,86.68631127779265
%2017%151%5,44.57189676362147,91.21261777959853
%2017%10%1,43.5869021234003,90.89511689425895
%2017%318%11,39.42464425745628,91.20666108639148
%2017%179%6,43.99796776130433,90.59165858389913
%2017%82%3,39.00814791601379,88.96114070824193
%2018%16%1,42.576608667854046,91.61528976572133
%2017%212%7,39.125134793004825,91.09662900276618
%2018%30%1,43.55220430403434,89.9251472287963
%2017%262%9,42.68681318681319,90.56593406593406
%2018%21%1,40.42763157894737,87.73026315789474
%2016%314%11,40.71556849145405,84.69469903393609
%2017%191%7,44.091110782428636,91.0959917172016
%2017%312%11,41.859397944199706,87.79827459618208
%2017%335%12,41.29039132635393,91.24377314259836
%2018%10%1,42.451461727293015,91.59785762106672
%2017%328%11,43.34806530170469,91.01650581762425
%2017%201%7,44.24410540915395,91.80825242718447
%2017%206%7,40.59995744982625,91.34813133820296
%2017%299%10,43.12493454812022,88.71085977589276
%2017%280%10,43.18510072215888,90.21664766248576
%2017%72%3,40.25206568350591,90.17362200606631
%2017%288%10,43.58567386653785,89.48312745842247
%2017%156%6,44.59880023454061,91.25434125659645
%2017%355%12,42.141826055575606,88.81721400216527
%2017%153%6,44.79631885234808,90.24676320656833
%2017%251%9,36.41112522942256,88.33827474234081
%2017%15%1,41.93482688391039,88.9663951120163
%2017%122%5,41.81735528841297,89.71613294272149
%2016%319%11,39.96261265031668,87.20459808599091
%2017%334%11,42.23902203635193,89.89464371883545
%2017%142%5,44.49717022202873,91.61950370047889
%2016%365%12,42.59741833828253,87.10381189018848
%2017%12%1,41.42575095191087,90.12833168805528
%2017%100%4,44.86256339615553,90.18846659570472
%2017%117%4,42.85400538077197,90.44089386701806
%2017%233%8,39.739186120975724,89.94585783314898
%2017%31%1,41.17493169001803,89.42212662054531
%2016%331%11,41.43015856984143,86.53166346833653
%2017%49%2,42.52563140785196,90.847711927982
%2017%188%7,45.82318134354333,89.47673744053834
%2017%257%9,40.91887239078976,89.92539989957679
%2017%297%10,43.18570175033483,89.47028125432965
%2017%226%8,36.771466097520936,90.94976194385158
%2017%183%7,44.10241820768137,89.82645803698436
%2017%232%8,37.80104712041884,88.44140153040676
%2017%70%3,41.68233466851958,88.03237145426306
%2017%345%12,41.55214608433735,90.49792921686746
%2018%17%1,41.90645751130786,92.2577230295448
%2017%58%2,40.12753359143703,89.32817125939422
%2016%359%12,40.62273237020912,85.83019988125866
%2017%199%7,43.08136556285222,90.78757393693819
%2018%24%1,40.76206140350877,90.625
%2017%336%12,42.97830855471606,88.57421398976358
%2018%11%1,43.441272274382065,91.30867982372102
%2017%321%11,40.41816941222341,91.44653474997563
%2016%315%11,40.25744624692912,84.87198749314763
%2017%57%2,40.88443888193575,88.10417784134931
%2017%301%10,43.48996217631655,90.59499563572884
%2017%307%11,39.67249310027599,88.8721251149954
%2017%259%9,41.96827206231595,90.11114277571957
%2017%277%10,42.62081881079956,90.82349269104718
%2017%292%10,41.95000703465741,91.0472260000938
%2018%8%1,43.145552323018606,91.84959887155074
%2017%22%1,41.79948798414402,90.48641506317615
%2017%157%6,44.23845874227554,92.67741023466213
%2016%310%11,40.13013153583298,88.96690539718205
%2017%4%1,40.10055971919172,85.4520443980647
%2016%337%12,42.21029616378454,87.62075134168158
%2017%197%7,42.890716803760284,90.21739130434783
%2017%21%1,43.279718986873725,90.07210205213532
%2017%80%3,40.6268221574344,89.10106899902819
%2017%249%9,37.8428411360647,87.99142592682809
%2017%236%8,39.602903501280956,90.38215200683177
%2016%326%11,40.994019664155154,87.7622732033652
%2017%213%8,39.235344910294536,91.21174326009786
%2017%362%12,42.26130948879346,89.32290134713806
%2017%245%9,40.23629799803085,91.25916201728475
%2018%37%2,43.18679393992469,90.83107102198092
%2017%311%11,41.2080395664527,88.91227331719807
%2017%229%8,38.52284460505937,90.72341249354672
%2017%83%3,37.01417388005655,88.77470083112046
%2017%130%5,44.325428100594685,92.33717847675001
%2017%150%5,44.65965173666077,91.56346028494274
%2017%89%3,39.2713298599564,91.18722979714
%2017%86%3,39.829396325459314,90.47042196648496
%2017%75%3,39.43397091876519,90.46832714095684
%2017%155%6,42.0843277645187,90.88183097729637
%2017%96%4,39.75494537939179,88.23442574549749
